	col
0	('GL19TNJ', 'http://127.0.0.1:5000/public/images/upload-cam1-1737123380241.jpg')
1	('L19NJ', 'http://127.0.0.1:5000/public/images/upload-cam1-1737123381428.jpg')
2	('GLDNJ', 'http://127.0.0.1:5000/public/images/upload-cam1-1737123381560.jpg')
3	('GL9NJ', 'http://127.0.0.1:5000/public/images/upload-cam1-1737123381846.jpg')
4	('L9TNJ', 'http://127.0.0.1:5000/public/images/upload-cam1-1737123382252.jpg')
5	('GL9TNJ', 'http://127.0.0.1:5000/public/images/upload-cam1-1737123382301.jpg')
6	('GLO9NJ', 'http://127.0.0.1:5000/public/images/upload-cam1-1737123382405.jpg')
7	('GL19NJ', 'http://127.0.0.1:5000/public/images/upload-cam1-1737123382500.jpg')
8	('73D41', 'http://127.0.0.1:5000/public/images/upload-cam1-1737123390129.jpg')
9	('173D1', 'http://127.0.0.1:5000/public/images/upload-cam1-1737123390228.jpg')
10	('173D44', 'http://127.0.0.1:5000/public/images/upload-cam1-1737123390369.jpg')
11	('73D44', 'http://127.0.0.1:5000/public/images/upload-cam1-1737123390429.jpg')
12	('73D440', 'http://127.0.0.1:5000/public/images/upload-cam1-1737123390652.jpg')
13	('17304', 'http://127.0.0.1:5000/public/images/upload-cam1-1737123390701.jpg')
14	('730441', 'http://127.0.0.1:5000/public/images/upload-cam1-1737123391221.jpg')
15	('073D1', 'http://127.0.0.1:5000/public/images/upload-cam1-1737123391460.jpg')
16	('173D441', 'http://127.0.0.1:5000/public/images/upload-cam1-1737123391530.jpg')
17	('73D441', 'http://127.0.0.1:5000/public/images/upload-cam1-1737123391885.jpg')
18	('GD19ZVC', 'http://127.0.0.1:5000/public/images/upload-cam1-1737123423184.jpg')
19	('545CD', 'http://127.0.0.1:5000/public/images/upload-cam1-1737123427170.jpg')
20	('FD21LYR', 'http://127.0.0.1:5000/public/images/upload-cam1-1737123439758.jpg')
21	('0A570O6', 'http://127.0.0.1:5000/public/images/upload-cam1-1737123448744.jpg')
22	('DA570O', 'http://127.0.0.1:5000/public/images/upload-cam1-1737123448938.jpg')
23	('DA50O', 'http://127.0.0.1:5000/public/images/upload-cam1-1737123449150.jpg')
24	('DA57OGB', 'http://127.0.0.1:5000/public/images/upload-cam1-1737123449548.jpg')
25	('DA57O0B', 'http://127.0.0.1:5000/public/images/upload-cam1-1737123449589.jpg')
26	('DA5700', 'http://127.0.0.1:5000/public/images/upload-cam1-1737123449960.jpg')
27	('BG8DHZ', 'http://127.0.0.1:5000/public/images/upload-cam1-1737123460238.jpg')
28	('BG8DZ', 'http://127.0.0.1:5000/public/images/upload-cam1-1737123460767.jpg')
29	('F66YJ0', 'http://127.0.0.1:5000/public/images/upload-cam1-1737123470749.jpg')
30	('YF6YJ0', 'http://127.0.0.1:5000/public/images/upload-cam1-1737123473293.jpg')
31	('YF66YJ0', 'http://127.0.0.1:5000/public/images/upload-cam1-1737123473413.jpg')
32	('LT07XMP', 'http://127.0.0.1:5000/public/images/upload-cam1-1737123506699.jpg')
33	('L07XMP', 'http://127.0.0.1:5000/public/images/upload-cam1-1737123506699.jpg')
34	('LTO7XMP', 'http://127.0.0.1:5000/public/images/upload-cam1-1737123510435.jpg')
35	('L07XP', 'http://127.0.0.1:5000/public/images/upload-cam1-1737123513424.jpg')
36	('L068JZF', 'http://127.0.0.1:5000/public/images/upload-cam1-1737123529036.jpg')
37	('LO68JZF', 'http://127.0.0.1:5000/public/images/upload-cam1-1737123529071.jpg')
38	('068JZF', 'http://127.0.0.1:5000/public/images/upload-cam1-1737123532429.jpg')
39	('L00JZ', 'http://127.0.0.1:5000/public/images/upload-cam1-1737123532738.jpg')
40	('S55WU', 'http://127.0.0.1:5000/public/images/upload-cam1-1737123543994.jpg')
41	('S5SHU', 'http://127.0.0.1:5000/public/images/upload-cam1-1737123544134.jpg')
42	('S5SWU', 'http://127.0.0.1:5000/public/images/upload-cam1-1737123544466.jpg')
43	('S2SJB', 'http://127.0.0.1:5000/public/images/upload-cam1-1737123562024.jpg')
44	('S25JB', 'http://127.0.0.1:5000/public/images/upload-cam1-1737123562387.jpg')
45	('S215JB', 'http://127.0.0.1:5000/public/images/upload-cam1-1737123562555.jpg')
46	('S21SJB', 'http://127.0.0.1:5000/public/images/upload-cam1-1737123562862.jpg')
47	('92SJB', 'http://127.0.0.1:5000/public/images/upload-cam1-1737123564312.jpg')
48	('921SJB', 'http://127.0.0.1:5000/public/images/upload-cam1-1737123564359.jpg')
49	('LA57LEA', 'http://127.0.0.1:5000/public/images/upload-cam1-1737123589033.jpg')
50	('LA57LFA', 'http://127.0.0.1:5000/public/images/upload-cam1-1737123589473.jpg')
51	('2CG695', 'http://127.0.0.1:5000/public/images/upload-cam1-1737123611160.jpg')
52	('V72VUH', 'http://127.0.0.1:5000/public/images/upload-cam1-1737123631621.jpg')
53	('DV72VUH', 'http://127.0.0.1:5000/public/images/upload-cam1-1737123632383.jpg')
54	('LR63KO', 'http://127.0.0.1:5000/public/images/upload-cam1-1737123679824.jpg')
55	('LR63K0', 'http://127.0.0.1:5000/public/images/upload-cam1-1737123680060.jpg')
56	('LR63KY0', 'http://127.0.0.1:5000/public/images/upload-cam1-1737123680265.jpg')
57	('LR630', 'http://127.0.0.1:5000/public/images/upload-cam1-1737123683026.jpg')
58	('LF64WJM', 'http://127.0.0.1:5000/public/images/upload-cam1-1737123692887.jpg')
59	('LF64WJ', 'http://127.0.0.1:5000/public/images/upload-cam1-1737123692957.jpg')
60	('X17VHJJ', 'http://127.0.0.1:5000/public/images/upload-cam1-1737123718816.jpg')
61	('MX7VHJ', 'http://127.0.0.1:5000/public/images/upload-cam1-1737123718967.jpg')
62	('MX17VHJ', 'http://127.0.0.1:5000/public/images/upload-cam1-1737123719374.jpg')
63	('MA8E0X', 'http://127.0.0.1:5000/public/images/upload-cam1-1737123753295.jpg')
64	('MA8EOX', 'http://127.0.0.1:5000/public/images/upload-cam1-1737123754124.jpg')
65	('FV23YZZ', 'http://127.0.0.1:5000/public/images/upload-cam1-1737123769564.jpg')
66	('SV15UL', 'http://127.0.0.1:5000/public/images/upload-cam1-1737123837167.jpg')
67	('S5ULC', 'http://127.0.0.1:5000/public/images/upload-cam1-1737123837543.jpg')
68	('5V5UL', 'http://127.0.0.1:5000/public/images/upload-cam1-1737123838064.jpg')
69	('SV05UC', 'http://127.0.0.1:5000/public/images/upload-cam1-1737123838450.jpg')
70	('5V5ULC', 'http://127.0.0.1:5000/public/images/upload-cam1-1737123839135.jpg')
71	('V5ULC', 'http://127.0.0.1:5000/public/images/upload-cam1-1737123839186.jpg')
72	('E70GD0', 'http://127.0.0.1:5000/public/images/upload-cam1-1737123841194.jpg')
73	('G17K0B', 'http://127.0.0.1:5000/public/images/upload-cam1-1737123875228.jpg')
74	('7K0BL', 'http://127.0.0.1:5000/public/images/upload-cam1-1737123875287.jpg')
75	('HG07K0B', 'http://127.0.0.1:5000/public/images/upload-cam1-1737123875960.jpg')
76	('HG17K0B', 'http://127.0.0.1:5000/public/images/upload-cam1-1737123876210.jpg')
77	('HG17KOB', 'http://127.0.0.1:5000/public/images/upload-cam1-1737123876600.jpg')
78	('E021VCZ', 'http://127.0.0.1:5000/public/images/upload-cam1-1737123899184.jpg')
79	('02DVCZ', 'http://127.0.0.1:5000/public/images/upload-cam1-1737123900847.jpg')
80	('EO20VCZ', 'http://127.0.0.1:5000/public/images/upload-cam1-1737123904137.jpg')
81	('SV15ULC', 'http://127.0.0.1:5000/public/images/upload-cam1-1737123920425.jpg')
82	('15ULC', 'http://127.0.0.1:5000/public/images/upload-cam1-1737123920513.jpg')
83	('SV5UL', 'http://127.0.0.1:5000/public/images/upload-cam1-1737123921285.jpg')
84	('55ULC', 'http://127.0.0.1:5000/public/images/upload-cam1-1737123924420.jpg')
85	('5ULCE', 'http://127.0.0.1:5000/public/images/upload-cam1-1737123924616.jpg')
86	('GV2FON', 'http://127.0.0.1:5000/public/images/upload-cam1-1737123943663.jpg')
87	('C72FO', 'http://127.0.0.1:5000/public/images/upload-cam1-1737123944025.jpg')
88	('GV72F0', 'http://127.0.0.1:5000/public/images/upload-cam1-1737123944981.jpg')
89	('GV72FN', 'http://127.0.0.1:5000/public/images/upload-cam1-1737123945161.jpg')
90	('GV72N', 'http://127.0.0.1:5000/public/images/upload-cam1-1737123945777.jpg')
91	('GV72F', 'http://127.0.0.1:5000/public/images/upload-cam1-1737123948311.jpg')
92	('KT16LGG', 'http://127.0.0.1:5000/public/images/upload-cam1-1737123962176.jpg')
93	('R012NCZ', 'http://127.0.0.1:5000/public/images/upload-cam1-1737123978091.jpg')
94	('LH1NXD', 'http://127.0.0.1:5000/public/images/upload-cam1-1737124023926.jpg')
95	('L1NXD', 'http://127.0.0.1:5000/public/images/upload-cam1-1737124023967.jpg')
96	('L0NXD', 'http://127.0.0.1:5000/public/images/upload-cam1-1737124026426.jpg')
97	('LS23ZY', 'http://127.0.0.1:5000/public/images/upload-cam1-1737124036028.jpg')
98	('LS23ZYN', 'http://127.0.0.1:5000/public/images/upload-cam1-1737124036644.jpg')
99	('S23ZYN', 'http://127.0.0.1:5000/public/images/upload-cam1-1737124039614.jpg')
100	('23ZYN', 'http://127.0.0.1:5000/public/images/upload-cam1-1737124039714.jpg')
101	('CE68XU', 'http://127.0.0.1:5000/public/images/upload-cam1-1737124129319.jpg')
102	('CE68DXU', 'http://127.0.0.1:5000/public/images/upload-cam1-1737124129589.jpg')
103	('CE69DXU', 'http://127.0.0.1:5000/public/images/upload-cam1-1737124130317.jpg')
104	('CE68DU', 'http://127.0.0.1:5000/public/images/upload-cam1-1737124131653.jpg')
105	('CE9DXU', 'http://127.0.0.1:5000/public/images/upload-cam1-1737124132539.jpg')
106	('C68DX', 'http://127.0.0.1:5000/public/images/upload-cam1-1737124133321.jpg')
107	('CE6DXU', 'http://127.0.0.1:5000/public/images/upload-cam1-1737124136413.jpg')
108	('CXLVJ', 'http://127.0.0.1:5000/public/images/upload-cam1-1737124158336.jpg')
109	('CX18LVJ', 'http://127.0.0.1:5000/public/images/upload-cam1-1737124158724.jpg')
110	('CX8LVJ', 'http://127.0.0.1:5000/public/images/upload-cam1-1737124161701.jpg')
111	('CX1L1', 'http://127.0.0.1:5000/public/images/upload-cam1-1737124183963.jpg')
112	('J68MY', 'http://127.0.0.1:5000/public/images/upload-cam1-1737124184431.jpg')
113	('HJ68MYT', 'http://127.0.0.1:5000/public/images/upload-cam1-1737124184658.jpg')
114	('J69MY', 'http://127.0.0.1:5000/public/images/upload-cam1-1737124185156.jpg')
115	('J68MYT', 'http://127.0.0.1:5000/public/images/upload-cam1-1737124187398.jpg')
116	('HJ68MY', 'http://127.0.0.1:5000/public/images/upload-cam1-1737124187574.jpg')
117	('SM68VO8', 'http://127.0.0.1:5000/public/images/upload-cam1-1737124238666.jpg')
118	('SM68VOB', 'http://127.0.0.1:5000/public/images/upload-cam1-1737124238926.jpg')
119	('239D703', 'http://127.0.0.1:5000/public/images/upload-cam1-1737124264869.jpg')
120	('239DO3', 'http://127.0.0.1:5000/public/images/upload-cam1-1737124265691.jpg')
121	('239D70', 'http://127.0.0.1:5000/public/images/upload-cam1-1737124266533.jpg')
122	('239D7O3', 'http://127.0.0.1:5000/public/images/upload-cam1-1737124268411.jpg')
123	('239703', 'http://127.0.0.1:5000/public/images/upload-cam1-1737124268535.jpg')
124	('WN7JXU', 'http://127.0.0.1:5000/public/images/upload-cam1-1737124365092.jpg')
125	('N71JXU', 'http://127.0.0.1:5000/public/images/upload-cam1-1737124365636.jpg')
126	('WN71JXU', 'http://127.0.0.1:5000/public/images/upload-cam1-1737124366856.jpg')
127	('WN70JXU', 'http://127.0.0.1:5000/public/images/upload-cam1-1737124367902.jpg')
128	('N71JX', 'http://127.0.0.1:5000/public/images/upload-cam1-1737124368200.jpg')
129	('RF73LLW', 'http://127.0.0.1:5000/public/images/upload-cam1-1737124386061.jpg')
130	('RF73LL', 'http://127.0.0.1:5000/public/images/upload-cam1-1737124386057.jpg')
131	('GD9ZVC', 'http://127.0.0.1:5000/public/images/upload-cam1-1737124418218.jpg')
132	('GD09ZVC', 'http://127.0.0.1:5000/public/images/upload-cam1-1737124418943.jpg')
133	('GD09ZVCC', 'http://127.0.0.1:5000/public/images/upload-cam1-1737124419157.jpg')
134	('WF22VNC', 'http://127.0.0.1:5000/public/images/upload-cam1-1737124430923.jpg')
135	('EA1OVNC', 'http://127.0.0.1:5000/public/images/upload-cam1-1737124496326.jpg')
136	('EA10VNC', 'http://127.0.0.1:5000/public/images/upload-cam1-1737124497309.jpg')
137	('EA0VNC', 'http://127.0.0.1:5000/public/images/upload-cam1-1737124497652.jpg')
138	('1GL09TNJ', 'http://127.0.0.1:5000/public/images/upload-cam1-1737131032138.jpg')
139	('GL09TNJ', 'http://127.0.0.1:5000/public/images/upload-cam1-1737131032413.jpg')
140	('GLD9TNJ', 'http://127.0.0.1:5000/public/images/upload-cam1-1737131032417.jpg')
141	('1D1NJ', 'http://127.0.0.1:5000/public/images/upload-cam1-1737131032921.jpg')
142	('GL19TNJL', 'http://127.0.0.1:5000/public/images/upload-cam1-1737131032996.jpg')
143	('GL19TNJ1', 'http://127.0.0.1:5000/public/images/upload-cam1-1737131033419.jpg')
144	('173D0', 'http://127.0.0.1:5000/public/images/upload-cam1-1737131042088.jpg')
145	('173041', 'http://127.0.0.1:5000/public/images/upload-cam1-1737131042486.jpg')
146	('173D41', 'http://127.0.0.1:5000/public/images/upload-cam1-1737131042868.jpg')
147	('073D4', 'http://127.0.0.1:5000/public/images/upload-cam1-1737131042876.jpg')
148	('073D44', 'http://127.0.0.1:5000/public/images/upload-cam1-1737131043051.jpg')
149	('173D4', 'http://127.0.0.1:5000/public/images/upload-cam1-1737131046290.jpg')
150	('F14WP', 'http://127.0.0.1:5000/public/images/upload-cam1-1737131054246.jpg')
151	('MF1MW', 'http://127.0.0.1:5000/public/images/upload-cam1-1737131054666.jpg')
152	('MFMWP', 'http://127.0.0.1:5000/public/images/upload-cam1-1737131055260.jpg')
153	('MF4MP', 'http://127.0.0.1:5000/public/images/upload-cam1-1737131056056.jpg')
154	('MF1MP', 'http://127.0.0.1:5000/public/images/upload-cam1-1737131056118.jpg')
155	('MF1MWP', 'http://127.0.0.1:5000/public/images/upload-cam1-1737131056319.jpg')
156	('MF4MWP', 'http://127.0.0.1:5000/public/images/upload-cam1-1737131056876.jpg')
157	('HD9KP', 'http://127.0.0.1:5000/public/images/upload-cam1-1737131066583.jpg')
158	('HD9KL', 'http://127.0.0.1:5000/public/images/upload-cam1-1737131066640.jpg')
159	('HD9KLP', 'http://127.0.0.1:5000/public/images/upload-cam1-1737131066962.jpg')
160	('H09KLP', 'http://127.0.0.1:5000/public/images/upload-cam1-1737131068220.jpg')
161	('HD19KLP', 'http://127.0.0.1:5000/public/images/upload-cam1-1737131070222.jpg')
162	('LR64HDU', 'http://127.0.0.1:5000/public/images/upload-cam1-1737131072703.jpg')
163	('LR6HDU', 'http://127.0.0.1:5000/public/images/upload-cam1-1737131072940.jpg')
164	('LR64H0L', 'http://127.0.0.1:5000/public/images/upload-cam1-1737131073088.jpg')
165	('LR64HD', 'http://127.0.0.1:5000/public/images/upload-cam1-1737131073320.jpg')
166	('LLR64HDU', 'http://127.0.0.1:5000/public/images/upload-cam1-1737131075272.jpg')
167	('LD9U0B', 'http://127.0.0.1:5000/public/images/upload-cam1-1737131085512.jpg')
168	('LGU0B', 'http://127.0.0.1:5000/public/images/upload-cam1-1737131085601.jpg')
169	('L0U0B', 'http://127.0.0.1:5000/public/images/upload-cam1-1737131085703.jpg')
170	('L9U09', 'http://127.0.0.1:5000/public/images/upload-cam1-1737131086146.jpg')
171	('JLD9U08', 'http://127.0.0.1:5000/public/images/upload-cam1-1737131086340.jpg')
172	('AJ39Y', 'http://127.0.0.1:5000/public/images/upload-cam1-1737131089987.jpg')
173	('AJ3SV', 'http://127.0.0.1:5000/public/images/upload-cam1-1737131090482.jpg')
174	('AJ3SYV', 'http://127.0.0.1:5000/public/images/upload-cam1-1737131093198.jpg')
175	('AJ135YV', 'http://127.0.0.1:5000/public/images/upload-cam1-1737131093509.jpg')
176	('AJ05YV', 'http://127.0.0.1:5000/public/images/upload-cam1-1737131093593.jpg')
177	('AJ15YV', 'http://127.0.0.1:5000/public/images/upload-cam1-1737131093637.jpg')
178	('J035V', 'http://127.0.0.1:5000/public/images/upload-cam1-1737131093844.jpg')
179	('J135V', 'http://127.0.0.1:5000/public/images/upload-cam1-1737131093845.jpg')
180	('YL19NDV', 'http://127.0.0.1:5000/public/images/upload-cam1-1737131104160.jpg')
181	('YL18NDV', 'http://127.0.0.1:5000/public/images/upload-cam1-1737131104532.jpg')
182	('LF9AX5', 'http://127.0.0.1:5000/public/images/upload-cam1-1737131105897.jpg')
183	('LF9AXS', 'http://127.0.0.1:5000/public/images/upload-cam1-1737131106097.jpg')
184	('LF19AXS', 'http://127.0.0.1:5000/public/images/upload-cam1-1737131109859.jpg')
185	('LF195', 'http://127.0.0.1:5000/public/images/upload-cam1-1737131110197.jpg')
186	('LF09AXS', 'http://127.0.0.1:5000/public/images/upload-cam1-1737131110504.jpg')
187	('L9AXS', 'http://127.0.0.1:5000/public/images/upload-cam1-1737131112080.jpg')
188	('L9K01', 'http://127.0.0.1:5000/public/images/upload-cam1-1737131112893.jpg')
189	('LH9T0', 'http://127.0.0.1:5000/public/images/upload-cam1-1737131113191.jpg')
190	('LM9K0', 'http://127.0.0.1:5000/public/images/upload-cam1-1737131113356.jpg')
191	('L19K0', 'http://127.0.0.1:5000/public/images/upload-cam1-1737131113511.jpg')
192	('L09K0', 'http://127.0.0.1:5000/public/images/upload-cam1-1737131113788.jpg')
193	('LM9KT0', 'http://127.0.0.1:5000/public/images/upload-cam1-1737131116584.jpg')
194	('L9KT0', 'http://127.0.0.1:5000/public/images/upload-cam1-1737131116673.jpg')
195	('L19KT0', 'http://127.0.0.1:5000/public/images/upload-cam1-1737131117182.jpg')
196	('LM19KT0', 'http://127.0.0.1:5000/public/images/upload-cam1-1737131117498.jpg')
